RPS Range,Average Response Time (ms)
1 - 5,172.0725
5 - 9,145.04344444444445
9 - 14,
14 - 18,720.3965882352941
18 - 23,449.9236428571429
23 - 27,1790.8507326732674
27 - 32,2913.83390625
32 - 36,
36 - 41,2832.478807692308
41 - 45,
45 - 49,
49 - 54,
54 - 58,
58 - 63,
63 - 67,2213.4913076923076
67 - 72,
72 - 76,
76 - 81,
81 - 85,
85 - 90,
