RPS Range,Average Response Time (ms)
1 - 5,11341.78426923077
5 - 9,19551.98827272727
9 - 14,158.9452727272727
14 - 18,11104.938333333334
18 - 23,175.3945238095238
23 - 27,11819.51537254902
27 - 32,
32 - 36,
36 - 41,
41 - 45,
45 - 49,
49 - 54,
54 - 58,
58 - 63,
63 - 67,
67 - 72,
72 - 76,
76 - 81,
81 - 85,
85 - 90,
