RPS Range,Average Response Time (ms)
1 - 5,
5 - 9,148.719125
9 - 14,
14 - 18,166.2743529411765
18 - 23,866.1222
23 - 27,1024.3903398058253
27 - 32,1521.7842622950818
32 - 36,2587.4702121212117
36 - 41,2443.3194415584417
41 - 45,
45 - 49,
49 - 54,
54 - 58,
58 - 63,
63 - 67,2162.0133731343285
67 - 72,
72 - 76,
76 - 81,
81 - 85,
85 - 90,
