RPS Range,Average Response Time (ms)
1 - 5,
5 - 9,161.56957142857144
9 - 14,149.63164285714285
14 - 18,1403.1834444444444
18 - 23,163.1585652173913
23 - 27,879.9547115384614
27 - 32,2639.3603125
32 - 36,2715.9708529411764
36 - 41,2372.7773157894735
41 - 45,2413.743681818182
45 - 49,
49 - 54,
54 - 58,
58 - 63,
63 - 67,
67 - 72,
72 - 76,
76 - 81,
81 - 85,
85 - 90,
