RPS Range,Average Response Time (ms)
1 - 5,173.8256
5 - 9,
9 - 14,153.36041666666668
14 - 18,
18 - 23,630.1546349206349
23 - 27,963.8944935064935
27 - 32,2831.4066428571427
32 - 36,2452.073166666667
36 - 41,2612.076641025641
41 - 45,2459.2653571428573
45 - 49,2187.943574468085
49 - 54,
54 - 58,
58 - 63,
63 - 67,
67 - 72,
72 - 76,
76 - 81,
81 - 85,
85 - 90,
