RPS Range,Average Response Time (ms)
1 - 5,169.0882
5 - 9,
9 - 14,153.07069230769233
14 - 18,
18 - 23,986.2785714285715
23 - 27,1181.46891
27 - 32,2053.1080714285713
32 - 36,2481.9697971014493
36 - 41,2686.2890526315787
41 - 45,
45 - 49,
49 - 54,
54 - 58,
58 - 63,2376.689213114754
63 - 67,
67 - 72,
72 - 76,
76 - 81,
81 - 85,
85 - 90,
