RPS Range,Average Response Time (ms)
1 - 5,
5 - 9,142.583
9 - 14,
14 - 18,1025.6663469387754
18 - 23,483.0730666666667
23 - 27,178.60832
27 - 32,2478.8323275862067
32 - 36,2520.0474714285715
36 - 41,
41 - 45,
45 - 49,
49 - 54,2357.111019607843
54 - 58,
58 - 63,
63 - 67,
67 - 72,
72 - 76,
76 - 81,
81 - 85,
85 - 90,
